"lizard_id","forefoot_width","forefoot_area","hindfoot_width","hindfoot_area","forefoot_error","hindfoot_error"
"0001",3.53733344164944,15.824481716276,3.89946133111791,22.1556183755242,"",""
"0002",1.28528790723513,2.70765628310128,1.34060293333469,3.13963499010624,"",""
"0003",1.61732958821653,3.42534012653267,1.75192951926704,4.33133643133083,"",""
"0004",0.882417759398265,1.15194438459009,1.0349594197299,1.68541683205371,"",""
"0005",0.779478639252137,1.14525407208334,0.917729659225648,1.80283360626703,"",""
"0006",1.44544766326704,2.98734376493475,1.71731933138579,4.27169874570495,"",""
"0007",1.1887319353135,2.14836361665393,1.24732304163373,3.15950771301552,"",""
"0008",1.73506057928113,3.89861164326444,1.96185076833003,5.53855169149631,"",""
"0009",1.11375725081872,1.68672549183456,1.15726510567577,1.98393788351352,"",""
"0010",1.30275218270169,2.47045051597945,1.47180313983543,4.22012092558076,"",""
"0011",1.65916046984087,4.04023515391719,1.88916379481562,4.8205655319297,"",""
"0012",1.04230773861524,1.74868250335091,1.20233299753265,2.17185102209736,"",""
"0013",1.54356349370767,3.45243650798113,1.86408530813244,4.90720072867528,"",""
"0014",0.969555840302627,1.37742462189561,1.06961699862929,1.81588343296424,"",""
"0015",1.58027612472116,3.47589368134797,1.86736819867472,4.85936752241433,"",""
"0016",1.50538078123828,3.0997601989025,1.71430352454011,4.48107789405069,"",""
"0017",0.961835617138421,1.30317935195984,1.06602460266245,1.7092890263622,"",""
"0018",0.916713926744877,1.40075699003884,1.03123431075816,1.71338287918794,"",""
"0019",0.977710698501377,1.77671048005716,1.04363447316173,2.35509259784298,"",""
"0020",1.54381459932392,3.37568508801673,1.61170075613428,4.16116195917312,"",""
"0021",1.3575327020104,2.87999737456771,1.35781407260508,2.95024639974201,"",""
"0022",1.06431139349336,1.75126337984482,1.15979970372319,2.01413066899532,"",""
"0023",1.51942596851808,3.31484289095864,1.66595797917874,3.92899958325745,"",""
"0024",0.864113841358262,1.25238668909397,1.08399003091301,1.62765695545824,"",""
"0025",1.28610242539583,2.13695181283101,1.62682191259825,3.2287561217184,"",""
"0026",1.6030481884206,3.66623288446305,1.81157124170102,3.90663193249923,"",""
"0027",1.56847669426621,3.91167358791405,1.67763813301706,3.93862028315203,"",""
"0028",0.992271634246614,1.47673292071818,1.21185277210229,1.75919913725446,"",""
"0029",0.932058867865847,1.52251895439629,1.17036378905095,2.01694309149179,"",""
"0030",0.990383773030156,1.56109589353136,1.26475571357,1.92133524555916,"",""
"0031",1.70866944353648,4.48311067983435,1.87220631923322,4.9859922468978,"",""
"0032",1.36503619441662,2.72866881838223,1.63234073571474,4.67595102070439,"",""
"0033",1.08720299708827,1.82326087743758,1.19216326389337,2.46127901451307,"",""
"0034",1.7394235849739,4.31480049009367,1.95806616734686,4.98675956614288,"",""
"0035",1.32805147479352,2.79687676813398,1.32726638432815,2.8529527601022,"",""
"0036",1.42974703183152,3.17263808998949,1.60524738737771,3.51648887548115,"",""
"0037",0.926884612184617,1.51391875070725,1.18904056038718,1.8372949947716,"",""
"0038",1.58132130076204,3.99215429805068,2.0218638009505,4.95193096619041,"",""
"0039",1.24615820546463,2.75138367566328,1.24740460334989,2.5320310001565,"",""
"0040",1.67698480648918,3.84945024791634,1.89124787503257,4.53864109534243,"",""
"0041",0.899739108473373,1.37481575970107,0.612385776576928,0.775330505686095,"",""
"0042",0.981628749605784,1.45491845108085,1.0936854113894,1.66284429735836,"",""
"0043",0.993207908515755,1.61550439643567,1.26939334573016,1.90915874538729,"",""
"0044",1.74834071827876,4.5313460391335,1.85655263881318,4.49956279916707,"",""
"0045",1.29942078524253,2.9027462771825,1.42692066007124,2.91988108400507,"",""
"0046",1.63662065225465,4.17402876627738,1.64398987305357,4.11895948481314,"",""
"0047",0.87861737493687,1.43733448781887,0.927858942203112,1.66916602112557,"",""
"0048",0.810179781941728,1.60655286964126,0.982706542114734,1.74312732976647,"",""
"0049",1.24912309873931,2.73604508034736,1.39336339470576,3.09485792675385,"",""
"0050",1.48687849819386,3.4024016291227,1.52088984151754,3.44041969199151,"",""
"0051",1.38799491164927,2.73192325499983,1.42577466212575,3.92795761335739,"",""
"0052",1.28123238928322,2.45826943793885,1.34433924430039,3.39970848648355,"",""
"0053",1.725764335735,4.32672503157409,1.94839872932567,4.95641028536583,"",""
"0054",1.72023448145136,3.7568740139734,2.09479212008811,5.82008860242467,"",""
"0055",1.04150182525938,1.46234053366358,1.13225913364324,1.94458434304995,"",""
"0056",1.56245108598879,3.10114907038774,1.72454152221637,4.07642163739725,"",""
"0057",0.775754687630277,1.01584723952222,0.791574295604525,1.09191080989434,"",""
"0058",1.0070357354977,1.36581568164613,1.05997389031108,1.81810775120202,"",""
"0059",0.940520496994327,1.25998954281361,1.07603655931632,1.55095836669426,"",""
"0060",0.994418784868358,1.61259840024626,1.14453886104005,2.21565480956323,"",""
"0061",1.48264343910997,3.6849118606936,1.77553777467184,4.44426664923773,"",""
"0062",0.90223783021859,1.20735606167775,1.12512466674368,1.73732404206313,"",""
"0063",1.49771470485585,3.39671438048868,1.75169829872222,3.9075186152974,"",""
"0064",1.45682696654493,3.40078822851851,1.55668490342096,3.92979298336346,"",""
"0065",0.979361538093918,1.54408374843984,1.18603429192429,1.91003001483804,"",""
"0066",1.00317883021174,1.67223302732526,1.09861379976769,2.09322634608296,"",""
"0067",0.916750774962659,1.23952989112329,1.04092193513477,1.53511681789881,"",""
"0068",1.6828670952116,3.86430287071247,2.08666553516885,5.10976245953008,"",""
"0069",1.4734032158151,2.96513573724974,1.12443012360171,2.64360076949191,"",""
"0070",0.836807469318779,1.04918440056688,1.05643299399907,1.48026129262733,"",""
"0071",0.930574638947401,1.40357994016531,1.10496116696606,1.6329170363396,"",""
"0072",1.75866358185326,3.81499528538922,2.1743734930106,5.63277752297972,"",""
"0073",1.36805045105827,2.91050312981004,1.57798422577563,3.78406152247806,"",""
"0074",0.853119406838506,1.2810971960295,0.972490362096756,1.52537942101445,"",""
"0075",1.00213381056727,1.48049229028151,1.12149798004359,1.8619657868172,"",""
"0076",1.67831570478271,3.40869094814562,1.9440321897497,4.46349420733876,"",""
"0077",1.52422279220952,3.13216979666272,1.7940976143519,4.15849483661055,"",""
"0078",1.48315364637343,3.35005088357501,1.78732146093987,4.58178668506646,"",""
"0079",1.32350145677005,2.58217586423163,1.54996851658426,3.30414842609965,"",""
"0080",0.948301363777513,1.45573761568391,1.10775031268401,1.80085875070599,"",""
"0081",1.10681250527811,2.0560765643372,1.36027546296195,2.62198557583953,"",""
"0082",0.979969964866901,1.46517799426154,1.08940373903923,1.71991417895311,"",""
"0083",1.32938830335576,2.63984326036509,1.71878878162746,3.89579092409147,"",""
"0084",0.925718378067056,1.34983013031793,0.796212773256146,1.14367650953017,"",""
"0085",1.68334673532453,3.83194291042749,2.02912481705385,5.25575640454229,"",""
"0086",1.26857839158725,2.29409707801797,1.26427572935537,2.49162611746068,"",""
"0087",1.48610272229734,3.53687922754617,1.58431846007425,3.69954750104903,"",""
"0088",1.70556748863289,3.63934096004183,1.77625981030618,4.41380004956719,"",""
"0089",1.56011884309231,3.30276111802648,1.80632070221571,4.32851544774878,"",""
"0090",0.758697847768273,1.03505899621747,0.610340651957003,1.02336926569612,"",""
"0091",1.62284794671122,3.94079769081181,1.55150937526055,3.7208771824821,"",""
"0092",1.34389843988836,2.81376253657982,1.63878149968257,3.56038945985627,"",""
"0093",0.940010461383582,1.1900917157692,1.16612633451148,1.81543510241032,"",""
"0094",1.1304169993257,2.16521151077204,1.20931572760953,2.59578505963305,"",""
"0095",0.761261395425848,1.18778178131054,0.869001782484923,1.32892132509628,"",""
"0096",1.86143947094678,4.08500182366153,2.00726775270989,5.19534402211567,"",""
"0097",1.2901284871625,2.49147611037869,1.61677836116284,3.74492438062732,"",""
"0098",0.865051780939082,1.32857160755513,1.06950342452203,1.55590506148127,"",""
"0099",1.4067346207649,2.98559086960565,1.61625054255133,3.74580035305506,"",""
"0100",0.873920557281203,1.21842610625327,1.12162283200319,1.69055884432178,"",""
"0101",1.37345166825459,2.53332570840363,1.36643867852456,3.48137134360793,"",""
"0102",1.36259041066411,2.65172907296649,1.6808779895388,4.68347769680722,"",""
"0103",1.50304492054096,3.94507072698445,1.75062958915501,4.96452616485346,"",""
"0104",1.60172010082004,3.88835231220259,1.68133833278261,5.03853101501833,"",""
"0105",0.775585306107464,1.00890241153933,0.891770965872893,1.51601193782794,"",""
"0106",0.937579470967671,1.30748746903003,1.03057712302251,1.95887707540327,"",""
"0107",1.16283711433777,2.29641807358163,1.36501456780503,2.86155144941969,"",""
"0108",1.03115803814498,1.62242622223681,1.28303471454191,2.1143566462686,"",""
"0109",1.48969740107875,3.44121416754654,1.76243082451805,4.37297437692681,"",""
"0110",1.16193936949026,2.42682048236035,1.46364934976777,3.39677557199162,"",""
"0111",0.955276211644908,1.57967119535153,0.934090560095526,1.47199554474575,"",""
"0112",0.86310895161713,1.49682957518894,1.11469894179093,2.10136431946984,"",""
"0113",0.876206158221964,1.44774755384471,1.0053450358312,1.69672985410328,"",""
"0114",1.70332604026754,4.02728034319706,1.92460629828756,5.25933621672896,"",""
"0115",1.25483349975203,2.2074941520898,1.3212992751536,3.07129141744457,"",""
"0116",1.65763830522631,3.6705409105506,1.80728730343454,4.32702622741265,"",""
"0117",0.977842485963573,1.51252720058509,1.18351947668995,1.77305124047239,"",""
"0118",1.62469957424293,4.01041285976936,1.77091303508459,5.34643224133014,"",""
"0119",0.933439576682689,1.30116069416272,1.08930950284736,1.69115169599724,"",""
"0120",1.70703507771915,3.71453382146027,2.03372891133223,4.72786181008373,"",""
"0121",0.820937703116435,1.14366038796739,0.960955887216065,1.4336016948674,"",""
"0122",1.46452787270635,3.45251015711566,1.57478128091915,4.14379365136363,"",""
"0123",0.720603758577672,1.12767635789948,0.791584654733774,1.01918295612851,"",""
"0124",1.08603390789331,2.06376265323885,1.31464651432184,2.61233131710131,"",""
"0125",1.56831459321202,3.85796369533352,1.90227752111189,4.62758668872292,"",""
"0126",0.890310447687329,1.51436781609195,0.939289410041437,1.51728506869084,"",""
"0127",1.49658455847723,3.43246980752865,1.4826543221839,3.28096467939068,"",""
"0128",0.902206080170257,1.46505482592346,1.0574517359337,1.95682901242462,"",""
"0129",0.801805355116277,1.15123146590178,0.973480866407539,1.36469631695735,"",""
"0130",1.68019844855348,3.78253680544113,1.93824980816108,5.27445743475265,"",""
"0131",1.24373238114311,2.77585174979955,1.46006781179502,2.96831208522234,"",""
"0132",1.53579154758679,3.80210203794033,1.74554223718893,4.46225060725164,"",""
"0133",0.856604531051364,1.40368489162814,1.05209682423985,1.60773773898118,"",""
"0134",1.53017779762663,3.65216161158895,1.71327897523794,4.36711195813566,"",""
"0135",1.57904413525614,3.3918983768525,1.63628324991374,3.96954276649227,"",""
"0136",0.906480201800811,1.52424774995502,1.09198056479673,1.64791142334643,"",""
"0137",1.51904757905447,3.62866935051296,1.77974175861509,4.49936399150782,"",""
"0138",1.66154580678702,3.88576193454242,1.88733656803382,4.74998675926542,"",""
"0139",1.3594880465917,2.91834187486775,1.71298350718543,3.82398434186623,"",""
"0140",3.16875664990752,12.8677597475772,3.84113765921192,24.5594996619337,"",""
"0141",1.83717435663487,4.48757544788802,2.22279061742858,5.89539316114378,"",""
"0142",0.853477449296174,1.12690303405714,1.00153358140524,1.50426547349353,"",""
"0143",1.37194763409554,3.03927548515811,1.54087973872646,3.48196350261706,"",""
"0144",1.43995854456508,3.31220526342478,1.6913053403674,3.6591137534538,"",""
"0145",1.04919549608236,1.59022892608631,1.35609458605747,2.5242860182247,"",""
"0146",0.901857072489781,1.29698178478666,0.973239494941944,1.25440115994137,"",""
"0147",0.938991503104332,1.36706535885114,0.945270452717809,1.58120982326462,"",""
"0148",1.74074903770874,4.38450080574399,2.10553752230443,5.15320036060401,"",""
"0149",1.66185108725338,4.40076471212631,1.85797112697093,4.65989342053813,"",""
"0150",1.65208735662334,3.9992885737032,1.85164714008996,4.78766649611767,"",""
"0151",0.905805609674635,1.40579997170746,1.17916804764509,1.78318478185672,"",""
"0152",1.53433267690281,3.63049904814166,1.25167304624007,2.77627202656258,"",""
"0153",1.40950807058668,3.26121026885182,1.6282819644696,3.62903180368104,"",""
"0154",1.29960375452666,2.87172212055926,1.52520047855088,3.62400491275909,"",""
"0155",1.76123013228204,4.29848285519087,1.96261783977523,4.84802223507297,"",""
"0156",1.64601121827323,3.96764992174461,1.83270616811022,4.42782760696085,"",""
"0157",1.4561718885726,3.69139478554995,1.76583320256097,4.313689613005,"",""
"0158",1.5153067172389,3.55965784824915,1.74125618518421,3.83817556518482,"",""
"0159",1.1084096611998,2.15214644397294,1.52115026586019,3.19051215579008,"",""
"0160",1.41237434004583,3.41191641391957,1.71692378690103,4.13868419441099,"",""
"0161",1.31310006415424,2.88589112335316,1.45421507583077,3.22927047668614,"",""
"0162",1.45904851535037,3.50038897621008,1.71512101130453,3.87034330096471,"",""
"0163",1.5933729152383,4.15469806230516,1.78014546204493,4.2717834873905,"",""
"0164",1.23531527656393,2.37996298475238,1.4071998565781,2.868291548192,"",""
"0165",0.893718878479289,1.27895804782216,1.13318828448591,1.93596168926618,"",""
"0166",1.63126583139679,3.4876877122075,1.85911991839177,4.3264089605553,"",""
"0167",1.49778934789972,3.92610025782131,1.89141449502215,5.15009586568683,"",""
"0168",1.61751241185644,4.15816814149342,1.90631470607409,4.40478701567926,"",""
"0169",1.53575499707059,3.52299076250366,1.04192708349358,2.24014286215454,"",""
"0170",1.39782333771855,2.79733020695649,1.44128255269452,3.45499174445962,"",""
"0171",1.76075559613541,4.06574629399117,2.08752882031183,4.97053042958547,"",""
"0172",1.54179584085082,3.47842145637412,1.629303197298,3.56017671875283,"",""
"0173",1.18012367219721,2.51477310423542,1.33087400959469,3.06314190696125,"",""
"0174",0.989416580293145,1.50178703510268,1.13803859593679,1.61139283299527,"",""
"0175",1.0880187813839,1.90652861890631,1.27236274009927,2.08584251789569,"",""
"0176",0.813133533567279,1.23936164875071,1.05149542322801,1.94296604194652,"",""
"0177",0.73433677853172,0.959286302809898,0.692159441965733,0.946546621460726,"",""
"0178",0.998315973777044,1.65191315874984,1.01617540181402,1.57268290254062,"",""
"0179",1.59471324241819,3.90060890258351,1.98838886478342,4.62943812870175,"",""
"0180",0.992418137489376,1.55779914517799,1.22053894617589,2.17017752412717,"",""
"0181",0.771694009513475,1.10831333803811,0.8418468046382,1.16801290768907,"",""
"0182",1.48749074624143,3.60874731243635,1.54707069170524,3.7009473723769,"",""
"0183",1.0226693107639,1.61144123275254,1.1575077850449,2.25640708531725,"",""
"0184",1.40940171018531,2.9029905587874,1.70255134690871,4.98988047719172,"",""
"0185",0.91368439584363,1.390838330994,0.98725091062222,1.56211090891677,"",""
"0186",0.852142397413652,1.3713423391078,1.04780969863906,1.5309839991904,"",""
"0187",0.819970014700364,1.08146673605789,0.989644802379158,1.3853755274737,"",""
"0188",0.855971180592716,1.27599534469525,0.93241207507783,1.2577208284797,"",""
"0216",0.826924321503208,1.30128951339266,0.69536560985409,1.08176975013665,"",""
"0217",3.76884649883018,18.7933373102912,4.45465187267332,30.2031991072259,"",""
"0218",1.56092514009473,3.42351098266802,1.721264458928,4.70616399529338,"",""
"0219",1.16171663482412,2.16176663244089,1.22737269728127,2.55129521327137,"",""
"0221",1.00004705547531,1.76660615454742,1.0957343196319,2.0647844291049,"",""
"0222",1.49220624251683,3.64775871767627,1.50250791167233,3.52198548998573,"",""
"0223",1.43881996089929,3.2885369107636,1.82681182954212,4.38379679234381,"",""
"0224",0.949444583091202,1.46496083221404,1.14532225679025,1.56791651328701,"",""
"0225",0.847265427095423,1.24278574827925,0.833372546229428,1.08717713798464,"",""
"0226",1.0194810003121,1.61473151658901,1.18534198766838,1.85765465995734,"",""
"0227",1.84744041804421,4.69848364829693,2.00974093575681,5.04405005977898,"",""
"0228",1.09628991059099,2.02718082085583,1.41088058489896,2.64815849849227,"",""
"0229",0.93518570322341,1.35666650550009,1.04039655618202,1.52331655470858,"",""
"0230",1.22521868915383,2.76914255518891,1.3857162754287,3.11149966828961,"",""
"0231",1.10416282103735,2.24403792740159,1.33112841615114,2.45531086331389,"",""
"0232",0.994062184063806,1.74074865348071,1.10726495428624,1.6728963853358,"",""
"0233",0.908028760882712,1.34533433778967,0.985995004251187,1.54811242984427,"",""
"0234",0.854069260924789,1.27253775073248,1.00863232375097,1.34756871941249,"",""
"0235",1.32547642011602,2.77183922512424,1.43196170681464,3.25360371088655,"",""
"0236",1.47031750075292,3.46666060633608,1.63161262598428,3.60661822535508,"",""
"0237",0.828616170236893,1.4893597761406,0.913793602445082,1.84797182138393,"",""
"0238",1.31367266499297,3.23153943561081,1.55565164926613,3.41739278035532,"",""
"0239",0.974751841387019,1.35570152013608,1.14389180572939,2.24062276282122,"",""
"0240",1.35320560939067,2.92496278508428,1.50609085578816,3.12309339284783,"",""
"0241",1.35206153624687,2.81905792246827,1.19273816047281,3.41180352928769,"",""
"0242",1.28341941942066,2.64991030622087,1.48512354961935,3.07804505879185,"",""
"0243",1.39421885192447,2.91486203114917,1.17821055545937,2.41335356463242,"",""
"0244",0.977820127613869,1.72216948093902,1.18531905669201,2.20734776617431,"",""
"0245",0.833002056183282,1.42280404058809,1.03840333869835,1.96611826583277,"",""
"0246",1.20108225198959,2.34443713722014,1.32255765898845,2.97052748122511,"",""
"0247",1.08791071650239,1.85302842543468,1.268789094121,2.86362257762246,"",""
"0248",0.989443470272918,1.51511921339023,1.13794046907592,1.88618292789179,"",""
"0249",0.87150527694799,1.35575250169616,1.04661982766243,1.70144150532632,"",""
"0250",0.889800607304217,1.36125393779194,1.03822270157987,1.87712207502364,"",""
"0251",1.67900982357185,4.01265660898909,1.98581592184543,4.74340890008396,"",""
"0252",0.951050791082491,1.59225818527535,1.10148037911456,1.67948187611939,"",""
"0253",1.48033043198656,3.4897998423566,1.81872518696639,4.23566756965072,"",""
"0254",1.11339606498044,2.08015026343425,1.24302552784166,2.59533173008912,"",""
"0255",0.923289512450654,1.5068264693023,1.10313749714002,1.60484054914058,"",""
"0256",1.00247901303813,1.71036626494551,1.14105453634316,1.86717093473221,"",""
"0257",1.42896257799881,3.04151423356467,1.72986993505533,4.98943044078224,"",""
"0258",0.836701033188308,1.28904784005792,1.00282828938181,1.88637853026195,"",""
"0259",1.02908156088391,1.69534015775596,1.2524228410191,2.69410017122317,"",""
"0260",1.45583699834509,3.2757454132944,1.69331389539258,4.63002118907859,"",""
"0261",1.52324616993627,3.51587865345676,NA,NA,"","Insufficient landmarks"
"0262",1.07781811739545,2.10994482953742,1.20104179445442,2.521491527879,"",""
"0263",0.684689330215791,1.05192517689855,0.726044168508755,1.02672367354884,"",""
"0264",1.59893589395436,3.67505063482891,1.51291385391333,3.27056424278159,"",""
"0265",1.69670848024215,3.97874765390657,NA,NA,"","Insufficient landmarks"
"0266",0.852063379154053,1.31077609080775,1.03001897249178,1.93402726372012,"",""
"0267",0.737776435030054,1.02531343324118,0.910432238102137,1.37391767834563,"",""
"0268",0.856560378993199,1.28969856027609,0.946338970880988,1.52922363187507,"",""
"0269",0.925987368391459,1.35017382172409,1.10712681263598,1.75723088716573,"",""
"0270",1.78123434555929,4.0698228287965,2.06566203853055,5.86426639621366,"",""
"0271",0.624521931874574,0.79650834541957,0.712860609324054,1.17392973699366,"",""
"0272",0.700561730429805,1.03786827356222,0.470412948934898,0.787694482940487,"",""
"0273",1.46659260130785,3.18538050245367,1.65407806153268,4.10639962802091,"",""
"0274",1.59991890736171,3.65729871956268,1.92021457729531,5.02970106946436,"",""
"0275",0.810805509127404,1.19021077945961,0.986185161043137,1.51446024097202,"",""
"0276",1.27096917513149,2.69399532652478,1.16319642307835,2.7907008325704,"",""
"0277",0.935594262902239,1.45017953321364,1.10569191336824,1.97387967459023,"",""
"0278",2.57565273335848,10.0924004913387,2.87966729911135,14.4343314889071,"",""
"0279",1.32273646099532,2.64991622907132,1.40320393278633,3.28441491711213,"",""
"0280",1.42476506117782,3.08955572540206,1.47638087243813,3.70220370871061,"",""
"0281",0.833775028434133,1.1570280737368,1.01883362388151,1.52319791784542,"",""
"0282",1.48901239416701,3.7958956439874,1.72610273108651,5.13935446796284,"",""
"0283",0.855832219683857,1.26380089212149,0.781687475319333,1.33778578571282,"",""
"0284",0.798585200622805,1.27783780623414,0.857451860993716,1.63281632929007,"",""
"0285",1.41870266752052,3.25949069856656,1.12050633336047,2.76534643113653,"",""
"0286",1.49568425956909,3.4589792916148,1.40196597066663,3.7586742147553,"",""
"0287",1.55135628652632,3.31103701352976,1.66492928492213,4.46993150430755,"",""
"0288",0.803135614381879,1.12065663166434,0.811916503724505,1.35013770131211,"",""
"0289",0.787353533356443,1.09718413529076,0.940747957287152,1.60051042878276,"",""
"0290",1.58479053124987,4.06875608102132,1.24596641011213,3.92700733237927,"",""
"0291",0.937921087460058,1.59456114504099,1.05034781597833,2.19494320677612,"",""
"0292",1.00841714099919,1.52468013506036,1.15973749363391,2.0012471015075,"",""
"0293",0.789886155228909,1.10126139148307,0.960858232625814,1.57568729909437,"",""
"0294",1.25669359149475,3.17503064104438,1.43301635217119,3.80059157403049,"",""
"0295",0.746905868908788,1.05191570642771,1.00102203022096,1.55523755331076,"",""
"0296",1.37978239926313,3.11900863772371,1.60869697001811,4.10930411661205,"",""
"0297",1.2423926846104,2.85174838125394,1.5931513186738,4.06647480911902,"",""
"0298",1.49407726199126,4.01834006698269,1.66693349482736,4.38146167154539,"",""
"0299",1.61249257453176,4.12826455220378,1.81207748500532,5.25844261657724,"",""
"0300",1.67905199770288,4.36179463146364,1.9359828642652,5.01603884024594,"",""
"0301",1.10329155695469,2.25886035951953,1.23359119982396,2.99998528947485,"",""
"0302",1.78991443597054,4.41966254085283,1.89977738942165,5.79013453933912,"",""
"0303",1.64155408376181,4.1356625409163,1.92289858389811,4.66731860671528,"",""
"0304",0.935655547847862,1.3881126130796,1.06222854111873,1.57199465605741,"",""
"0305",0.966283580004277,1.58535741706615,1.1656203716369,1.96730085578911,"",""
"0306",1.01464635509658,1.64231456912162,1.2602392174458,2.02739017506774,"",""
"0307",1.23674715838516,2.33214211066784,1.15129131765735,2.45864012885412,"",""
"0308",0.947751197347002,1.4321012470681,1.21570348337801,2.1288854745302,"",""
"0309",0.970087855020314,1.46795922216287,1.07265531034168,1.89447467569143,"",""
"0310",0.980798067355802,1.49233841837192,0.937621741217502,1.46991067496302,"",""
"0311",1.51650468262845,2.92840227799128,1.8690452003263,4.63605547412946,"",""
"0312",1.51118279252904,3.0930308352496,1.72532690330946,4.36673414954039,"",""
"0313",0.964667677360432,1.29355420329051,1.12193982974256,1.85837327260085,"",""
"0314",1.07425369576466,1.53060644633359,1.18967722283696,2.0360815700157,"",""
"0315",1.07264459959565,1.62448486514933,1.05369669366687,1.68980684211418,"",""
"0316",0.872680164080173,1.24550186714949,0.817477773935465,1.27356061677748,"",""
"0317",1.46788177896969,2.89302160661817,1.67314515202001,3.94557114872534,"",""
"0318",0.949751404998184,1.42842655037777,1.12446391073757,1.80182825265797,"",""
"0319",0.939242582689108,1.44236836649149,1.15087684857282,1.88536808464987,"",""
"0320",0.817441388912982,1.31805351317546,1.05778093419157,1.67598426394738,"",""
"0321",1.08623980588312,1.67846696992482,1.2780863687173,2.39395090640009,"",""
"0322",0.941357448663283,1.5763443895554,1.18319905664047,2.03245289535634,"",""
"0323",1.21771155508569,2.36722013289135,1.22976031722298,2.5069001144078,"",""
"0324",1.72725683698491,4.5281979127379,1.9144953799834,5.58764324636958,"",""
"0325",1.72966559398732,4.03200273332954,1.94751163247528,4.71449372988494,"",""
"0326",1.63063586310819,3.67094628862652,2.05823731854665,5.55699245888145,"",""
"0328",0.941965429022486,1.40935944392158,1.07078194375248,1.87713136055945,"",""
"0329",1.01479102902779,1.83750443684149,1.28676707617888,2.49416690438496,"",""
"0330",1.34305898816159,2.89374717889279,1.51896666951068,3.71608106174066,"",""
"0331",0.955773459229919,1.46386299940605,1.05480742026681,1.62524711971854,"",""
"0332",1.73975761917318,3.77335274812259,1.92555809950102,5.03700386858626,"",""
"0333",1.03054829972815,1.76122304100013,1.28002460632053,2.38343633046247,"",""
"0334",1.54786293923827,3.75377443928263,1.94476868721465,5.06375469878215,"",""
"0335",1.42209625083038,3.25347397833172,1.68120849315622,3.99913455899518,"",""
"0336",1.49257374539984,3.2072835643515,1.74734398707705,4.0978969654199,"",""
"0337",1.71923400967645,4.3185431650189,1.97698603545,4.95519402314805,"",""
"0338",0.948778729425672,1.36764373019466,1.08484601901135,1.75076270513649,"",""
"0339",0.93042840163702,1.44418630704972,1.02016557820192,1.71902229263325,"",""
"0340",1.03919009416411,1.56916103880227,1.30665988598903,2.40680519369725,"",""
"0341",0.903232656929898,1.41203384816204,1.12682234217999,1.77889009595823,"",""
"0342",1.35295816565015,2.54191364009916,1.58316806487753,3.45231342813264,"",""
"0343",1.47630719577756,3.24000789758701,1.62868655032768,4.04589158798469,"",""
"0344",0.974500179707962,1.4870174853946,1.13266746796971,1.83264338140459,"",""
"0345",0.753924448120014,1.10051836826685,0.9582800496696,1.52901735406806,"",""
"0346",1.02288534794774,1.60478867449797,1.06167961997071,1.98080851770249,"",""
"0347",1.66762161348675,3.86522640135067,1.89053095410776,4.75921667406962,"",""
"0348",1.12958644457883,2.19489432347291,1.297144782794,3.00537512730565,"",""
"0349",1.17622307966728,2.34866259705768,1.30617632041024,2.71651757177655,"",""
"0350",1.49316741153601,3.50911759724496,1.7385419415317,4.39353507611937,"",""
"0352",1.6482019536679,3.48488268043646,1.88922236013744,4.78856981185458,"",""
"0353",1.70672570728142,4.04520060367478,1.75243212654122,4.59472765418326,"",""
"0354",0.845575375088322,1.31823805511549,0.874984932306702,2.07513935213332,"",""
"0355",1.60011321776184,3.3657589309964,1.77961457969835,5.00975514804739,"",""
"0356",1.49018804793259,3.10513502420484,1.49917149018349,4.15109648628547,"",""
"0357",1.10734848116347,2.26774027792679,1.43058101957347,4.24479240190404,"",""
"0358",1.3186280223997,3.22674267593895,1.61346880058645,4.62180801911244,"",""
"0359",1.41091874293289,2.81159142644639,1.77871971959391,4.85377230129833,"",""
"0360",0.936196751486217,1.32776711510257,1.10885553886778,2.23946385951888,"",""
"0361",0.944893650811343,1.34542056621235,2.15609697992486,2.5962061749244,"",""
"0362",0.909756519744652,1.4758097684927,0.968575956389073,1.83372865704612,"",""
"0363",1.35342148830284,3.1065959286403,1.2246647112868,2.50636847888698,"",""
"0364",0.971662992758618,1.52222930112739,1.06923921448308,2.45800769694545,"",""
"0365",0.910449906913865,1.59033633177583,0.723690870456317,1.74902451610567,"",""
"0366",0.863065406031156,1.18228871441949,1.08358302143324,1.83192356774215,"",""
"0367",0.752357206123471,1.29950740142653,1.02201370877394,1.78120352627258,"",""
"0368",1.47310894876381,3.72265323484836,1.61888923151835,5.14570655848546,"",""
"0369",1.41059922331311,3.12571840699587,1.47656511561004,4.66641897149285,"",""
"0370",1.5199171313354,3.80780018684027,1.827003679141,5.5045623430057,"",""
"0371",1.43469562166914,3.1958377044997,1.62724555250098,4.62332689912968,"",""
"0372",0.881398916131157,1.4839631043329,1.12688108831651,2.39184443214798,"",""
"0373",0.769269397617548,1.1877166371635,0.904112202447424,1.78274135903133,"",""
"0374",0.895794460252978,1.48020757494313,0.985649381053212,1.99186009252961,"",""
"0375",1.13290256478858,1.93586421912478,1.09387989854503,1.92480111089268,"",""
"0376",0.892490533609287,1.44969260724942,1.11100405706632,2.34110282890771,"",""
"0377",1.75215564705674,4.09366214244263,1.87496259687409,6.17773788150808,"",""
"0378",0.886260861987341,1.38013027113525,0.804341854769567,1.79389050602171,"",""
"0379",1.00558972085872,1.70701539361092,1.20517769752515,2.82264970748109,"",""
"0380",0.912979961727904,1.19716754485998,0.686718275893688,1.35178932390772,"",""
"0381",1.3950140670137,3.03944522966998,1.04444623682081,1.95994115650108,"",""
"0382",1.6809377914038,3.77594840061935,1.92818193754557,5.42357391654168,"",""
"0383",0.891040720511698,1.20063597071932,1.10473522998461,1.62173655462751,"",""
"0384",0.970087855020314,1.36434322136782,0.968082915161115,2.15984762404878,"",""
"0385",1.47311939669134,3.74320861617826,1.90541766514733,5.89883421400637,"",""
"0386",1.08284482201389,2.01125786021772,1.33599152452708,3.56460834988713,"",""
"0387",0.800302117457798,1.14710003940916,0.883331566671967,1.37339607079598,"",""
"0388",0.767086048743744,1.23998411263283,0.855796567177027,1.47609937037187,"",""
"0389",0.833488631776621,1.43770512668988,0.86544808499677,1.97949292503646,"",""
"0390",0.813152616111975,1.17776160349365,0.9250508984161,1.52818991097923,"",""
"0391",0.886342380198307,1.47928659992186,0.913913673718733,1.79523593979857,"",""
"0392",1.55066535935504,3.93098716923792,1.74284866197136,4.91416020034379,"",""
"0393",1.57625900129612,3.3449817385611,1.76857229903073,5.13214612810659,"",""
"0394",1.21910985365421,2.54158912247692,1.47124060082221,3.80543495556111,"",""
"0395",1.17690658811488,1.8760967611528,1.33136702921343,2.71734721013986,"",""
"0396",1.45490580356211,2.9965800697508,1.50890835642114,3.93091045132675,"",""
"0397",1.60500444557412,3.8696602208163,1.85581967431649,5.60513380481288,"",""
"0398",0.928440515641446,1.29836690581673,1.02772955818227,1.99170227791258,"",""
"0399",1.43599455125519,3.07629505331078,1.67932153859541,4.78708777996675,"",""
"0400",1.01798154928553,1.59522699392057,1.11258075085298,2.09899073627579,"",""
"0401",0.827115544634513,1.37224920583117,1.03051197545595,1.86261723578711,"",""
"0402",1.39469092772182,3.11514008559846,1.68072216341433,4.64246596600762,"",""
"0403",0.97588243930072,1.57278906647905,0.948721092899579,1.87699396375997,"",""
"0404",0.916265038918135,1.34715440466357,1.18174448040832,2.22741547602207,"",""
"0405",1.79750473997857,3.85581686692102,2.09497733051577,5.83104606799157,"",""
"0406",1.56926995504079,3.54350758700612,1.74751907945295,4.63489148125585,"",""
"0407",1.03517492900955,1.61171772370195,1.13443158623325,2.2688070221199,"",""
"0408",1.25678804795477,2.58486348847079,1.50766894560628,3.68350288508858,"",""
"0409",0.80048366659034,1.36989563888013,1.04360738340942,1.69754839174003,"",""
"0410",1.33829476439829,2.46205800782473,1.65735705450089,3.63814964532907,"",""
"0411",0.863786022537974,1.28425964162597,0.983054122503449,1.59418226547685,"",""
"0412",0.95991789808057,1.43737812873204,1.03849297661796,1.8398528482184,"",""
"0413",0.93858000963364,1.66206559202056,1.08818105363439,3.37604336536112,"",""
"0414",0.934050176269706,1.58788572983885,1.05419258436294,1.92520796087528,"",""
"0416",1.64463315347115,3.99133649306329,1.7833227759401,5.00548317262618,"",""
"0417",1.40555088158605,3.49498219193529,1.50392715757389,4.30178006647608,"",""
"0418",1.04203161463246,2.06891848888485,1.33477140808609,2.85677181848466,"",""
"0419",1.27175437649899,2.81305500677066,1.47685647110444,4.02463132847694,"",""
"0420",1.00376277982308,1.68392648774796,1.07413794139459,2.15170575813355,"",""
"0421",1.00106265607584,1.74152500742504,1.13481599468234,1.88992012800973,"",""
"0422",1.41076826204045,3.29515617926664,1.58694792589063,7.74882254268073,"",""
"0423",1.3353951275897,2.94062612695367,1.30947982384176,3.38910821286132,"",""
"0424",0.941267906832498,1.4029891959364,1.05530919146545,1.9825745290268,"",""
"0425",3.37313574982358,15.0835657741691,3.91612224794697,23.8980610481858,"",""
"0426",0.915692388960252,1.47155442735553,1.08721222472037,1.96299661969855,"",""
"0427",1.47878801029141,3.19789849486795,1.58133117648254,4.49511953600226,"",""
"0428",0.911573469869694,1.49988943885969,1.19540166940676,2.12071493205531,"",""
"0429",0.88837906240392,1.42133187302499,0.940680775117337,1.58729527340256,"",""
"0430",1.12752578916182,1.932156749618,1.21131084563835,2.44211361372416,"",""
"0431",0.902327321610936,1.26225517816493,1.18836671987102,2.18531665539779,"",""
"0432",1.54182193374583,3.66153203311161,1.75655561119677,5.02174941963984,"",""
"0433",1.00647008748786,1.31538912303635,1.16016585418363,1.96804074917172,"",""
"0434",0.96112726577294,1.53482867422694,1.14586814156291,2.19507116213378,"",""
"0435",0.851273461815576,1.48053140695093,0.889356195091962,1.62638521710788,"",""
"0436",1.67758188877064,4.11187412011281,1.71594621786412,4.56701939039402,"",""
"0437",0.914477254757318,1.35559091612355,1.1422020132998,1.8827071482836,"",""
"0438",1.5463865838494,3.54592070064737,2.16994318278765,6.66011190720819,"",""
"0439",0.947302830561518,1.46987430984711,1.07583332400781,1.87113356657098,"",""
"0440",1.03755106108024,1.73599308900169,1.24396220412513,2.4051724137931,"",""
"0441",0.983447948861759,1.637715324312,1.18774350254088,2.19352647671698,"",""
"0442",1.88618269826458,4.92804113092039,1.86274804079079,5.01857728489311,"",""
"0443",1.34362901684864,3.08288105949279,1.65482818294671,4.57209144409235,"",""
"0444",1.66206205699899,4.03729268353281,1.82740914357412,4.84865869661947,"",""
"0445",0.8734343147638,1.17784252625518,1.06089061648962,1.81860672509325,"",""
"0446",0.976865579878243,1.46759390489183,0.991584233288879,1.67409871609797,"",""
"0447",1.50237285209779,3.26982413273859,1.70905996842511,4.29718798238189,"",""
"0448",0.946041116618749,1.44633255823671,1.07750863538887,1.79200676858099,"",""
"0449",1.74494806315783,4.4197778196877,1.9999943293218,5.44333299309312,"",""
"0450",1.62332820884056,3.55205202259805,1.80269072337966,4.56748529383651,"",""
"0451",0.880923586215984,1.5270415253892,1.13348729011801,2.28971804638374,"",""
"0452",1.13428084257584,2.22739936105123,1.14158790104846,2.82654825482187,"",""
"0453",1.289675012568,2.78010351437268,1.34114261284423,3.22452975490119,"",""
"0454",0.844716076812514,1.27849654148408,1.04089353222591,1.9141792688174,"",""
"0455",1.11844311215441,2.31596369929016,1.42322401955099,3.86740144320351,"",""
"0456",0.652638034255537,0.937818264116782,0.81066468008742,1.59469545664672,"",""
"0457",0.849841852834177,1.21125008310899,0.956947023848896,1.6140489166646,"",""
"0458",0.78515540579116,1.21786927978157,0.843824131544829,1.75852781244177,"",""
"0459",1.17666189096363,2.4520692899016,1.34871328612449,3.40661653863043,"",""
"0460",1.54694734843569,3.50742450395542,1.75092419753572,5.46947280166872,"",""
"0461",0.661267334738724,0.901144570489618,0.740745436281083,1.33254222618903,"",""
"0462",0.850698841671924,1.36201137757141,0.973497818283257,1.82038078022637,"",""
"0463",1.18167652718309,2.41920821395863,1.32393786904684,3.43868158880229,"",""
"0464",0.9022739420207,1.32881119117506,1.06262159400298,1.86719215589264,"",""
"0465",1.34108669557085,2.70136080678967,1.54960380144043,4.54526073901862,"",""
"0466",1.33791597770104,3.02322285092245,1.5741580109379,4.03326945537425,"",""
"0467",0.954400311723689,1.44481304470059,0.573523210206429,1.222265954456,"",""
"0468",1.0525680933458,1.94235870184777,1.14478798054329,2.41002383207142,"",""
"0469",2.79131209922291,12.1078091512892,3.22137158993293,22.0024345021804,"",""
"0470",1.44329434274692,3.39212062476053,1.74251376214756,4.71703216209516,"",""
"0471",0.853067003359356,1.44403378201359,0.997946390752523,1.72193368407678,"",""
"0472",1.50094096370036,3.40870164874294,1.4444747041728,4.1477738815321,"",""
"0473",0.902639395636462,1.27885904722364,0.965875335391808,1.7788113579111,"",""
"0474",0.96448726773928,1.71442774234379,1.2229762341812,2.2146117696696,"",""
"0475",1.54172790747758,3.68884280989221,1.61895596247519,4.88057338299347,"",""
"0476",0.969242388731836,1.44055506357174,0.961254313801898,1.75974609855576,"",""
"0477",1.08924826822254,2.25363776837905,1.5046839781705,3.89244302503431,"",""
"0478",1.08803543668232,2.16364852759414,1.38272067033267,3.85960834117634,"",""
"0479",0.868274744818434,1.20574275522538,1.03770096731742,1.83117787256816,"",""
"0480",1.57964773261049,3.67594363522661,1.8310553488745,5.29697863269321,"",""
"0481",1.58676488193424,3.53524951906756,1.68078962136047,5.38157745841349,"",""
"0482",0.734222681048182,1.01117824395776,0.836721754186308,1.41713815591361,"",""
"0483",0.943365352226101,1.67664940582511,1.11626551264967,2.24169310261279,"",""
"0484",0.897231480457298,1.39085662555166,1.00873182219192,1.86075591264004,"",""
"0485",0.78191949925054,1.31542038248006,0.955569946517336,1.75991544327204,"",""
"0486",0.834726135913231,1.28130591094283,0.988662737714245,1.8245170925129,"",""
"0487",1.42640945640127,3.06672766692058,1.44618023674956,3.88031479736948,"",""
"0488",1.59507141410292,4.27851090523942,1.80727158399327,5.16595374251089,"",""
"0489",0.875777497769383,1.38175087839517,0.971485948564991,1.84692522500129,"",""
"0490",0.95926370742228,1.39823460530431,1.02587349912907,2.00258361459878,"",""
"0491",1.27475835152845,3.09878349219485,1.0893109230434,2.94400735819122,"",""
"0492",1.36954193902898,2.86507750487927,1.36954193902898,2.86507750487927,"",""
"0493",1.05250095509355,1.63865555708642,1.08301454795809,2.3684840572705,"",""
"0494",1.38815442999951,3.53925515136677,1.56862532980002,4.26605478469308,"",""
"0495",1.07668094304309,1.82118886792859,1.19000919369812,3.03180672663552,"",""
"0496",1.72729346196831,3.5926425938772,2.12204985193129,6.20263420849832,"",""
"0497",1.48608074860731,3.5092005854918,1.86089968620629,5.37289872991918,"",""
"0498",1.24117591936924,2.59872530735664,1.4085897869338,4.20131407412772,"",""
"0499",1.74070299950507,3.75358472919448,1.85615571976634,4.94248945300476,"",""
"0500",1.51931302383993,3.02362399923376,1.87333942001211,4.87951366000146,"",""
"0501",0.831715527328708,1.23533325778121,1.00466569890386,1.52180527383367,"",""
"0502",0.847984775627851,1.30004039134728,1.03629964061654,1.64397559752897,"",""
"0503",0.932588703051619,1.39794888277261,0.939933561115356,1.38395762730884,"",""
"0504",1.08274166930046,2.05455012640019,1.23953596932886,2.39693914300018,"",""
"0505",1.20897378223229,2.5963715371101,1.35286512541546,2.94162061286862,"",""
"0506",1.67403915307514,3.90965539002457,1.98038845106989,5.17766113386019,"",""
"0507",0.851810558320095,1.29277682476621,0.836229837014143,1.08396850831018,"",""
"0508",0.833344199003136,1.27792448102388,1.00918424470949,1.55950235285947,"",""
"0509",0.956892810652139,1.54231747266559,1.14231733457075,1.97760877239234,"",""
"0510",0.836328686150703,1.25039433953761,0.842513379598375,1.2708297418377,"",""
"0511",0.991544007971853,1.59288744654598,1.27607981249022,2.16893819548669,"",""
"0512",1.05205405530354,2.27890180916484,1.17279793175014,2.24699225526993,"",""
"0513",0.91011117337047,1.24511232598975,0.988221926223964,1.41912274037495,"",""
"0514",0.708117949101256,1.10374167514938,0.77139633830041,1.16170977537649,"",""
"0515",0.690241508472876,0.902438325549411,0.839188450060035,1.45743308337606,"",""
"0516",1.40114923306805,3.31327527170201,1.5530356562962,3.27732654354578,"",""
"0517",1.16164614091354,2.02098450897103,1.18459737541792,2.21829061434548,"",""
"0518",0.851783542307153,1.34823417117404,0.841846284847249,1.3256188413521,"",""
"0519",0.812747453744854,1.21322071378491,0.990943216986352,1.45931739443157,"",""
"0520",1.46411178791087,3.26398690227517,1.65063805470955,4.03114655812041,"",""
"0521",1.40071849198113,3.34070540244864,1.69156176299537,4.27707919150819,"",""
"0522",0.846639673876697,1.31862849031211,1.04163797160739,1.59355875299221,"",""
"0523",0.851697619801484,1.3089251118072,1.04708705735565,1.74866970657982,"",""
"0524",1.25960443254734,2.70461786147549,1.33141521740352,3.03397169457361,"",""
"0525",0.798929887193028,1.14317202798469,0.928629338102219,1.34523580038327,"",""
"0526",1.54194901675057,3.74216858689538,1.72791167739145,4.5982491606924,"",""
"0527",0.963496919360352,1.59707054418112,1.08214152008647,2.20880926435133,"",""
"0528",1.55362167558474,3.91512670322131,1.81239270997277,4.53608553337381,"",""
"0529",1.63115888543685,3.80632560779533,1.8805642081773,4.70390531060441,"",""
"0530",0.851816330124287,1.46095077838699,1.04149713654215,1.60471380091136,"",""
"0532",1.22587374186381,2.49313978744514,1.40333887278571,3.68459080799756,"",""
"0533",1.30637681913915,2.87452745680209,1.56676636151889,4.10951098160106,"",""
"0535",0.986647312452994,1.59957409154333,1.04790754286812,1.53225076383388,"",""
"0536",0.749517001384293,1.18054645763279,0.879369717403839,1.45286359888439,"",""
"0537",0.896704539216058,1.56372689948898,0.836578333948183,1.10591981388275,"",""
"0539",0.939701541450439,1.49824487727835,1.0233430945038,1.68176497903626,"",""
"0540",0.874016067479423,1.40670834103436,1.01235383144669,1.43069582078412,"",""
"0541",0.909181746521405,1.29687508674146,1.0898712632721,1.80269718757203,"",""
"0542",0.816971659352948,1.09438960885125,0.815293747258479,1.16036817859111,"",""
"0543",0.928642500870284,1.56066971702018,0.995655700020389,1.67427199005139,"",""
"0544",0.939741399370515,1.50209369098113,1.08025270335028,1.60530961510351,"",""
"0545",0.897554944448086,1.228816730276,1.0451580969678,1.53348804478282,"",""
"0546",0.922980727517749,1.55974908236742,1.08370511547997,1.70440181383792,"",""
"0547",2.56911288944258,8.67395796867413,3.23074356362298,16.5337142728084,"",""
"0548",1.50602709587355,3.42268617574304,1.65014898635221,3.80704055055296,"",""
"0549",1.09336513792025,2.35160818297245,1.39309780847582,3.28041551402924,"",""
"0550",0.921664205432187,1.52594539056746,1.11589702190553,1.745457741757,"",""
"0551",1.12901944214886,2.41845407176835,1.37962043836787,3.45914624120472,"",""
"0552",1.41741357047874,2.96126307225007,1.64488353644648,4.41499159671505,"",""
"0553",0.883024819110864,1.27897686377649,1.05997148877324,1.8372949947716,"",""
"0554",0.855351859155949,1.23346934375905,1.08445254087769,1.95577677522799,"",""
"0555",1.24411335640973,2.60825692347727,1.40715471257323,3.23580447107031,"",""
"0556",0.844323261676799,1.25534323415615,0.7477511560192,1.55225528128362,"",""
"0557",0.899033521447795,1.43080427473881,0.96962208240673,1.88315728965387,"",""
"0558",1.69145095048442,4.13305077041953,2.13206530577035,5.89581155402027,"",""
"0559",0.831276194844446,1.17754550105986,0.929803309291367,1.86952145873277,"",""
"0560",0.909717480359549,1.44923920611629,0.988743025075004,2.15923033831457,"",""
"0561",1.18728445428917,2.24142281523792,1.36306697149931,3.41084604687424,"",""
"0562",0.942478798307463,1.43022187420792,0.910603868958874,1.44883586196908,"",""
"0566",0.727466017128345,1.07256535766825,0.852837172787342,1.55503716545102,"",""
"0567",0.915741735170127,1.26547841133371,1.06951875573472,1.99529564441561,"",""
"0568",0.816273100025974,1.40314329118449,1.07325201590238,2.17394218310174,"",""
"0569",0.920816315258681,1.273873914312,1.05640251078102,2.01825751284871,"",""
"0570",1.05382720402335,1.65679370645661,1.23765728415432,2.59552983876375,"",""
"0571",1.11339714088461,2.26774175088671,1.1958540779844,3.00173807277016,"",""
"0574",0.876244406616549,1.07701437350573,1.10327317027334,2.09280297626859,"",""
"0575",0.907466098874267,1.70222176856861,0.958757337861618,2.14731266941127,"",""
"0576",1.00671205993511,2.16746851083282,1.11912391874204,3.25018443170143,"",""
"0577",0.893091555356178,1.37935953620013,1.18517424825289,1.99985163882041,"",""
"0578",1.44321107066149,3.17814263423755,1.68947718346214,4.690156778886,"",""
"0579",0.889579645640098,1.25532236455598,1.10061153068799,2.18860403198589,"",""
"0580",1.43848506258642,3.28741954691089,1.76372346549262,5.15058550001418,"",""
"0581",1.53982097318726,3.94972978600138,1.51111439186126,4.53762628091393,"",""
"0582",0.966330173927363,1.29911244018594,0.778422255217837,1.3123791476966,"",""
"0583",1.13317353841685,2.44522169316001,1.40301224161104,3.63521562805518,"",""
"0584",0.906639567027783,1.26484315333918,0.890967062495617,1.94636947359489,"",""
"0585",0.719836882644033,0.980719830628087,0.744815058059901,1.22822865208186,"",""
"0586",0.858745797749195,1.27672306057434,0.956343694392941,1.64302239491362,"",""
"0588",0.95797640738601,1.27087473574135,0.99250020369689,1.98329794794953,"",""
"0589",0.915830869118637,1.43815774584135,1.00016972645875,2.49954735770058,"",""
"0590",0.93770673327407,1.38620583419388,0.985758109485963,2.10295703372376,"",""
"0591",1.29506053066852,2.75616348595299,1.4878222852652,3.90201703885636,"",""
"0594",0.855739957743724,1.27623626529386,0.822910664330653,1.61749197745751,"",""
"0596",0.923310681186358,1.84593353639133,1.07059750812918,2.44806109924081,"",""
"0597",0.770108532047445,1.16662025900042,0.439934985733327,0.199020417851584,"",""
"0598",1.25817675116217,2.95215254035482,1.50128602130215,4.61952793227988,"",""
"0599",1.41049609636039,3.56280697792582,1.68849441219193,4.97899847569582,"",""
"0600",0.914577887151745,1.59791507471134,1.01821835395941,1.96039689652698,"",""
"0601",0.966570882378535,1.43950937114107,1.11004004956979,1.71556447968125,"",""
"0602",0.880920514329028,1.22736843306534,0.941081698894751,1.39631841228385,"",""
"0604",1.51745827987173,3.4465443257555,1.87512926566921,4.34923513490014,"",""
"0605",1.07814758478404,2.17656377132415,1.17373678866225,2.20293189839518,"",""
"0606",1.32172915361154,3.16617478034472,1.46083982688289,3.12607014480264,"",""
"0607",0.755922624740706,1.03524400985628,0.639524276833694,0.95162008803692,"",""
"0608",0.711622650028618,1.22339972156718,0.902361547146417,1.77238551544189,"",""
"0609",0.824868992713454,1.28238717917734,0.962694400269036,1.34633350349853,"",""
"0610",0.969820672520772,1.44351606164964,1.22599873521661,1.84707689940443,"",""
"0611",1.14596664646365,2.31702131278597,1.33819722115908,2.38118556495576,"",""
"0612",1.44400468857327,2.91891072357698,1.68530533075426,3.90673253352152,"",""
"0613",1.51031111513423,3.73517463305861,1.71097160196033,4.20903047091413,"",""
"0614",1.58813089492413,3.73924124511427,1.8800123119993,4.54027289547235,"",""
"0615",1.15329400874066,2.28665653917721,1.39763599020294,3.05692207547726,"",""
"0616",0.829436979997199,1.28497385821056,0.958901046175509,1.54447368273401,"",""
"0617",1.22595733158862,2.51875926813768,1.27982225314178,2.49021042694269,"",""
"0618",0.838125550647402,1.42892249548623,0.941729051520536,1.44772950569741,"",""
"0619",0.968534038378794,1.46196886286928,1.07877821474899,1.58697444352844,"",""
"0620",1.31588459412171,2.96711464901136,1.51309503946296,3.64076217360621,"",""
"0621",0.857658102229015,1.34056484435468,1.05697781710142,1.81483099375761,"",""
"0622",0.95743814002892,1.54020524752834,0.853947816515476,1.400992693113,"",""
"0623",0.929370997455866,1.54491409661966,1.10625641055642,2.15540755557576,"",""
"0624",1.41989025376139,3.25736002095816,1.89134772286827,4.73509690196633,"",""
"0625",1.7644040182582,4.68590998373852,2.07790847451902,5.21884766227718,"",""
"0626",1.03218158224856,1.80148844142791,1.14064193523248,2.03697095220134,"",""
"0627",1.41818702656601,3.12433301675744,1.66350986436382,3.79313786310431,"",""
"0628",0.899766991271363,1.33867043509325,1.14416890203337,1.71522931570745,"",""
"0629",1.48114953082521,3.48937614938464,1.77243334701709,3.95504483458478,"",""
"0630",0.85888127672461,1.43510905736311,1.06960412226576,1.65479686259707,"",""
"0631",0.825227359397781,1.40472283258699,1.04810679205263,1.56472063069264,"",""
"0632",0.943974870341091,1.61839378383059,1.03998874824267,1.67543134569622,"",""
"0633",0.903045554288922,1.42521073187876,1.04061539317809,1.44121208707652,"",""
"0634",0.886288898787351,1.44289476936473,1.13806162234029,1.78402051201841,"",""
"0635",0.909780647189367,1.36393215143263,1.06820832371238,1.63213421585016,"",""
"0636",0.973417471927697,1.51961557528505,1.19134322834255,2.61451803236467,"",""
"0637",1.30882989130629,2.80958448954094,1.440151558398,3.09381338742393,"",""
"0638",0.78471561165469,1.16691400364671,0.987042041965687,1.5214113218671,"",""
"0639",0.876488233837155,1.38670248787149,1.04621421908223,1.82791551186317,"",""
"0640",0.938539402738471,1.37086100271559,1.00101912951932,1.46613572974478,"",""
"0641",1.48635707057324,3.4339591929566,1.76525362203688,3.91141230236656,"",""
"0642",0.917734419767578,1.51026772055362,0.909539438957942,1.35653850761937,"",""
"0643",0.962990875023064,1.56975201851982,1.15378176542688,2.25372116804909,"",""
"0644",1.51226889340708,3.57544317172694,1.21374407289613,2.71007696632131,"",""
"0645",0.724638575515322,1.13323093114556,0.77845318721137,1.127959697733,"",""
"0646",0.946610202006186,1.48334991263478,1.089924899563,1.67146277582311,"",""
"0647",1.06852168647491,1.76927713971566,1.20270799426708,1.68419273986877,"",""
"0648",1.13623528200019,2.06651658351249,1.18395994429046,2.19189978860818,"",""
"0649",1.4510655267993,3.8704491288046,1.44947004162056,3.29856886653869,"",""
"0650",0.750020313639455,1.34275446500784,0.858618586456683,1.13253610850854,"",""
"0651",0.925869502676067,1.39253910841746,0.838345927277408,1.15173258799513,"",""
"0652",0.81175929660809,1.16491291318357,0.973727284355417,1.55015845416047,"",""
"0653",0.731959488358923,1.03257494495568,0.778259408385808,1.12913058694695,"",""
"0654",0.819165001325407,1.15453210889274,0.969447976403041,1.35078736093846,"",""
"0655",0.776821901277753,1.29033787681897,1.06072676927285,1.61111859068277,"",""
"0656",0.82537067533287,1.22359476646444,0.977327892057403,1.45206590197369,"",""
"0657",0.815006121402058,1.32186374261742,0.91378952649917,1.27832166568605,"",""
"0658",0.756607324508859,1.17223894250044,0.855446823286171,1.1415343086727,"",""
"0659",1.23235350076948,2.5171175057623,1.31747804494866,2.71542421939318,"",""
"0660",0.824105811553124,1.19759530287323,0.767860206115353,1.06237183636701,"",""
"0661",0.889677789358775,1.24987409589536,0.999724434613782,1.44232123679694,"",""
"0662",1.69713641242449,4.09591304633816,1.46806709234507,3.32952061123758,"",""
"0663",0.803531271572407,1.32807095142504,0.988113473639116,1.51785623150667,"",""
"0665",0.875104358772667,1.48047151179847,1.10097120666017,1.48019349140689,"",""
"0666",1.40156460227036,3.27048685656615,1.72015915465087,3.73931249115858,"",""
"0667",0.921090213285822,1.34490853623961,1.14219161254363,1.57236575375417,"",""
"0668",0.682102955931334,0.887625401554172,0.713287927571799,0.834365072079918,"",""
"0669",0.895415123518241,1.3730814110044,0.973450404902869,1.57098611025233,"",""
"0670",0.772514312846414,1.20698957970347,0.878788322703231,1.3808294932961,"",""
"0671",0.873722602610185,1.50929799963132,1.00540871683031,1.70363007274506,"",""
"0675",1.43821319357023,3.48851581591287,1.62997958880796,3.85030172654317,"",""
"0676",1.17585102404272,2.51793350767981,1.36100932430765,2.89885985081653,"",""
"0677",0.834060487475742,1.32359247721973,0.910798976891399,1.25526218528301,"",""
"0679",0.890597477245129,1.38650578088763,1.12319079130062,1.71664333184839,"",""
"0680",1.21682173681757,2.83690820276186,1.28469723447615,2.86811135000566,"",""
"0681",1.46182076973825,3.51999919213317,1.65279567332408,4.09754360578848,"",""
"0682",0.865863355467424,1.1989851346213,0.973200436819047,1.21226736140847,"",""
"0683",0.758401885248755,1.14836230935757,0.912651915688113,1.23502960133251,"",""
"0684",1.51116957669464,3.4532264438548,1.69130785905947,3.67650531021409,"",""
"0686",0.88645689256725,1.32415482495435,1.18632966307034,1.57015955641055,"",""
"0688",0.949433349969407,1.55298399409567,1.0171204046956,1.62130238290879,"",""
"0689",0.840830350256502,1.29898253661208,1.02067294081913,1.60656840003193,"",""
"0690",0.899474391016467,1.3872484479484,1.12839832872819,1.76383388027611,"",""
"0691",1.31407372264996,2.78021600365077,1.519236601179,3.14238844187218,"",""
"0692",1.44955087494149,3.19297557766038,1.72680596851142,4.14205514277448,"",""
"0694",1.3123090513405,2.84984044439192,1.45546073849454,3.73554373656218,"",""
"0695",0.784660472214505,1.18566832744724,0.76074209573874,1.06672373024136,"",""
"0696",0.986945594862566,1.75526829406274,1.01195465027633,1.87554314371583,"",""
"0697",0.883979756240976,1.39189776512032,1.13180280002036,1.72776903216271,"",""
"0698",0.829720719221313,1.30704062093379,0.955535042420578,1.47174973748054,"",""
"0699",1.3647980699637,2.76246945676044,1.66454157627229,4.11483415666902,"",""
"0700",0.901772092701924,1.4243376046037,1.00808306946753,1.52558927311221,"",""
"0706",0.827968752708064,1.44161574748753,0.941521203797276,1.72026491142716,"",""
"0708",0.841475404929113,1.49516340370879,1.002222556277,1.82832481431781,"",""
"0709",1.14145883780303,2.18112887254209,1.14145883780303,2.18112887254209,"",""
"0710",0.792358273955287,1.17481219027446,0.748098137506109,1.29373088806643,"",""
"0711",1.73467269805855,4.88759668040422,2.0049056305104,5.81544628239147,"",""
"0712",0.840600235697511,1.2281099326074,0.828318078440192,1.37233555545939,"",""
"0713",1.06238422248612,1.66384681156035,1.27165054262711,3.30585447164612,"",""
"0714",0.989738424239597,1.31987967481159,0.961430921998031,1.89457395480045,"",""
"0716",1.50563555277752,3.90543334870112,1.78810962969316,5.16454560808498,"",""
"0717",0.890800141257827,1.2821595563656,0.92848039161847,1.92253161039638,"",""
"0718",0.874845753142043,1.424849989047,1.12397573233598,2.48164525373701,"",""
"0719",0.887753473141452,1.32685159993434,1.0717414691317,2.00539093233068,"",""
"0720",1.72966818774709,4.109382974124,1.64365185675735,4.91373181760441,"",""
"0721",0.986146971124531,1.4462812244783,1.10520939157857,2.33522050564176,"",""
"0722",0.856032182027992,1.43074681602382,0.610160637146237,1.37401167382286,"",""
"0723",0.779649386837505,0.984981579083921,0.999301095266906,1.58245676459033,"",""
"0724",1.02398739935389,1.55816935472006,1.14898477036395,2.83996962429875,"",""
"0725",0.834961423465913,1.34615493845743,0.957885040093799,1.80697160578676,"",""
"0726",0.873035004920408,1.19805062182539,1.0074015857459,2.08470765550726,"",""
"0727",0.97780519127953,1.42804448085305,1.03284171727967,2.08379535548928,"",""
"0728",0.989644802379158,1.4388412198516,1.16788985565009,2.12341617041415,"",""
"0729",1.01180010933752,1.40860562557761,0.512912093753439,0.962562296950213,"",""
"0730",0.884046152557572,1.39482046429273,1.05807138937293,1.78954155666119,"",""
"0731",0.820738303338241,1.3036580729261,0.743479579944857,1.29002290256002,"",""
"0732",0.797738511376705,1.11198306280875,0.969252052504612,1.64550458715596,"",""
"0733",0.838822052965193,1.18578240433626,1.00910675910475,2.06913756640756,"",""
"0734",0.87784690612273,1.31553258620612,1.03439582932304,2.02780183924348,"",""
"0735",0.927444476346148,1.54518819021862,0.889170566143127,1.79535722334911,"",""
"0736",0.73908834908127,0.991761415186613,0.66800375469187,1.11358094083178,"",""
"0737",1.07474846561597,1.98230058923778,0.894541755465124,2.22105884580683,"",""
"0738",1.31099461268621,2.8589243471741,1.57423589415458,4.05573924732685,"",""
"0739",3.23567865920756,13.2756025800611,4.53792189125091,24.1777752630983,"",""
"0740",1.07649102457131,1.74982078448417,1.21200095942973,2.37953048357144,"",""
"0742",0.91305444092241,1.35486647299868,1.04934695270782,1.91124780316344,"",""
"0743",0.787092607332033,1.14793788612456,0.992426668542238,1.73480147393509,"",""
"0744",0.918161459533539,1.34498235709245,1.03728650948149,2.06916019760056,"",""
"0745",1.43303556377394,3.28490816039033,1.80786835980062,5.76853227483652,"",""
"0746",0.871525887642168,1.32330655076774,0.975553997205683,1.82323506705173,"",""
"0747",0.946610202006186,1.53162328071893,1.14222436043633,2.45912535641743,"",""
"0748",0.882052034172769,1.34557092003615,1.09990857720767,2.00522708363894,"",""
"0750",1.02518064674267,1.29117558778248,1.05128762664503,2.01593897402128,"",""
"0751",1.20683262216835,2.48001029832392,1.43599989397063,3.60067838702756,"",""
"0752",1.51856540942243,3.37095130321841,1.79047188534089,4.69381279987583,"",""
"0753",0.895965386321191,1.40465042904067,1.11589010568664,2.27535496957404,"",""
"0754",1.15559852192375,2.33942514427973,1.14059265074376,2.56266100259853,"",""
"0755",0.768741791255329,1.03900362014708,0.920941658381636,1.43455567573463,"",""
"0756",0.968178776963057,1.38651033750477,1.2079666812634,2.02014241096531,"",""
"0761",0.753377890257301,1.0959326785025,0.908733107938834,1.34089235422089,"",""
"0762",0.594119801930395,0.537111625465251,0.993894519655958,1.65332784856587,"",""
"0763",0.930854026233592,1.51260485381774,1.06535007106219,1.75660145242074,"",""
"0771",0.833377362517031,1.10439351663448,0.956806463309423,1.42410271452786,"",""
"0772",1.3084851972471,2.65902858297666,1.36798819825358,3.26107853773983,"",""
"0773",0.938207804408298,1.46963985083543,0.960562821375263,1.67249266598478,"",""
"0775",1.66393489120351,3.62761582153644,1.72331666417769,4.83074761051507,"",""
"0776",0.593548948076046,0.73563642333616,0.877159235827838,1.35065105522089,"",""
"0777",1.22567992547069,2.62206816403167,1.62708951341764,4.29071794069671,"",""
"0778",0.804910977392776,1.16618702674931,0.895352472305438,1.49732987909801,"",""
"0779",0.761698764284501,1.15771121087598,0.908212427978943,1.53922665531642,"",""
"0781",0.864561543483014,1.35373643396909,0.833879357409859,1.40391961991019,"",""
"0782",1.3355265303897,2.99684809773494,1.62268417623567,3.8728145647301,"",""
"0783",0.618489272389156,0.890259416076493,0.712568373537859,1.16405827663082,"",""
"0784",0.955099180263638,1.38396473605113,1.21071367030039,2.19445962466971,"",""
"0785",0.927640786566516,1.62716541678602,0.678373930479684,1.29876180163146,"",""
"0786",0.794661598197049,1.13758368337216,0.909835145188727,1.56139582453756,"",""
"0787",0.667458595231704,1.03633715084922,0.763923401523017,1.14874266888023,"",""
"0788",0.911456019035711,1.30003444171329,1.08267181917251,1.86030569978414,"",""
"0789",0.982190134117652,1.59591574664901,1.16487342155007,2.21719237309762,"",""
"0790",0.894467591295386,1.35679158032624,1.08456227292319,1.82956088957938,"",""
"0791",1.73876711448666,4.28193957225303,1.96348972335871,5.61163419387914,"",""
"0792",0.964732299084778,1.58159451286302,0.962450234134741,1.64248671243526,"",""
"0793",0.849114594729285,1.14162340881297,0.989522706084186,1.69725512916407,"",""
"0794",0.911700764237079,1.37671105759655,1.08900667442337,1.97316010974833,"",""
"0795",0.917710759071173,1.28064274405738,1.08374448818809,2.1058952247409,"",""
"0796",0.862981430722598,1.19273833173468,1.05219446982245,1.91211488358156,"",""
"0797",0.879807687272901,1.31656237738733,1.02169189526756,1.93653365680559,"",""
"0798",0.948833040872446,1.31421568571981,0.778150882849027,1.51897869238916,"",""
"0799",0.883233982261402,1.26746688835996,0.98080073325594,1.66273658611422,"",""
"0800",0.825142885668705,1.11795728331846,1.03041028441672,1.54703436367785,"",""
"0801",0.794757096521635,1.33513405317146,0.874003174089883,1.66962038696735,"",""
"0802",0.895999788365865,1.38652023782858,1.05638916470163,1.83538731418256,"",""
"0803",0.783956583106285,1.26404803878361,0.865134365431874,1.83043190832966,"",""
"0804",0.959605978029528,1.57395886173249,1.05290717436648,2.36599216862192,"",""
"0805",0.782407670265421,1.22465834454049,0.993278227521196,2.00244418278916,"",""
"0806",0.836822787235715,1.50100180922106,0.921320648863914,1.84848712448722,"",""
"0807",1.2892042954435,3.01458511340042,1.19991949768564,3.51097480531784,"",""
"0808",0.901164321005857,1.28752511523461,0.962095154005038,1.64834353095197,"",""
"0809",0.837069285508441,1.20556211761571,0.476299891036894,1.08874364527837,"",""
"0810",0.858339689144846,1.30836109072433,0.98127906234909,1.5826793880201,"",""
"0811",2.87595208329773,11.9503069958002,2.93856793039613,14.8895503982419,"",""
"0813",1.22219594613691,2.93148544836333,1.34255080939379,3.67830972964504,"",""
"0815",0.924424358404997,1.3193873824523,1.03276461850485,2.00795444170547,"",""
"0816",0.865221885521197,1.22042652449184,1.1267448621087,2.06689094502746,"",""
"0824",1.09177702731093,2.32934097421203,1.26821400488153,3.12269340974212,"",""
"0826",1.25285690591805,2.56839110831263,1.42283757237697,4.00603798194227,"",""
"0828",1.59841290159493,3.91933780891993,1.87462531098226,5.72494904267993,"",""
"0829",1.60634587849606,3.45588235294118,1.52216735743882,4.40596123506874,"",""
"0830",0.743141693521377,1.05212153992642,0.654108172268343,0.890759427344793,"",""
"0831",1.03680913480291,1.42039564421768,1.00238373458553,2.22307609097383,"",""
"0832",0.846183848445031,1.2203852612014,1.05581645981449,1.90857753271581,"",""
"0835",1.51346321458306,3.37861743218089,1.72738543098337,4.72592923106045,"",""
"0836",0.869387617489142,1.26133303411131,1.06456724124456,2.1181552962298,"",""
"0837",1.5627280094773,3.4740531916332,1.72081746388099,4.78378786444742,"",""
"0838",0.955655001661671,1.81303128915652,1.04357954195711,2.02312431828221,"",""
"0845",1.21827033946882,2.36837410356438,1.17829902003831,2.61479091786144,"",""
"0846",0.735790948713654,1.06655189159164,0.923234895739913,1.34327399657252,"",""
"0847",0.894101248313719,1.24783738737159,0.753146514303194,1.61003610672019,"",""
"0848",0.914564868349509,1.44003562082497,0.94397564105725,1.78422981353728,"",""
"0851",0.939564304484945,1.59475413242507,0.946271285867543,1.74856605951234,"",""
"0852",0.767563569832472,1.07533559074019,0.680881899621802,1.08764256043682,"",""
"0853",0.935203898288825,1.40244623852798,1.06372556700229,1.85828492875936,"",""
"0855",0.848459100391267,1.14201191467787,0.986144643968299,1.66067613080795,"",""
"0856",1.34240325307554,3.42033129380961,1.20956506583429,3.53255434436737,"",""
"0857",0.895520921205778,1.39769936111004,1.06472991511446,1.85515092272765,"",""
"0858",1.25036862346271,2.21161138682075,1.34594218664192,3.10520669871934,"",""
"0859",1.14804960460807,2.12247785994705,1.31186496377936,3.02485620377979,"",""
"0860",0.881143653796258,1.19882174365262,0.999485450995158,1.795387266132,"",""
"0861",1.1885724250338,2.11854298664226,1.16495428245486,3.00649111252898,"",""
"0862",0.812914928695307,1.12450527853157,1.07423202814124,1.60936612544063,"",""
"0867",3.35425336929037,16.5911144193235,3.54440014431109,22.4452108890695,"",""
"0868",1.11721232512205,2.17553604321754,1.36597274011972,3.02086446450223,"",""
"0869",0.849054794709561,1.24673928419861,0.958909646274606,2.06971283066912,"",""
"0870",1.14575068544792,2.35815376119839,1.10354210024601,2.8419037230076,"",""
"0875",0.913245108480738,1.29774983357093,0.958446887543925,1.83758110227648,"",""
"0884",1.29210793067973,2.47599362700771,1.19298503014339,3.10214122383093,"",""
"0885",0.906716881103456,1.18989236196444,1.00965535740673,1.75706667342596,"",""
"0892",0.811328793345831,1.0702156445868,1.08169231296759,1.90761244719331,"",""
"0893",0.960271321924129,1.24974295987951,1.04252050041816,1.82429015244563,"",""
"0894",0.763320973271179,1.26494228326409,0.902694376030832,1.62061716136834,"",""
"0910",0.981628749605784,1.38937085649613,1.05476047001441,1.48612026660807,"",""
"0911",0.789577435225483,1.12468537604127,0.760547235042716,0.944696664071866,"",""
"0922",0.854721868409325,1.29195167671524,0.978812861833093,1.42217736825908,"",""
"0923",1.4420371236621,3.33857961897063,1.73654230361629,3.98367626824058,"",""
"0929",0.89210831339426,1.35210636808957,1.09824515895362,1.611590473504,"",""
"0937",0.836769673350159,1.28750882145378,0.959058680399483,1.54993084681727,"",""
"0938",0.988823464239078,1.6812561103668,0.806162665084538,1.25875619820772,"",""
"0969",0.866030969554056,1.28532576027365,1.00043654631596,1.57984870652014,"",""
"0979",0.874972651483628,1.31370824522403,1.06257821945196,1.57717882851869,"",""
